id;article_id;snippet_type;title;content;applicable_triggers;blocked_by_red_lines;success_signals;weight;embedding;updated_at
043bb411-0b89-4971-9f5a-7713d427aa95;a0000001-0000-0000-0000-000000000016;strategy;Offer one bounded choice;When bedtime becomes a power struggle, reduce language and offer one simple choice that still moves the routine forward. Example: pajama choice or story choice.;"[""transitions"",""fatigue""]";[];"[""accepts_choice"",""reduced_arguing""]";1;;2026-03-11 04:46:49.707274+00
79a60829-cd31-4f72-92c7-940881d7f34e;a0000001-0000-0000-0000-000000000016;strategy;Lower stimulation gradually;Dim lights 20 minutes before bed. Reduce talking volume. Use slow movements. This signals the body to wind down without a direct command.;"[""fatigue"",""sensory_overload""]";[];"[""calms_quickly"",""follows_routine""]";1;;2026-03-11 04:46:49.707274+00
40147192-f854-4566-9998-5f22bc69fd72;a0000001-0000-0000-0000-000000000016;script;Connection before compliance;"Sit with the child briefly. Say: ""I can see you are not ready for bed yet. Let us do one last calm thing together, then it is time."" This validates feelings while holding the boundary.";"[""transitions""]";"[""cry_it_out""]";"[""feels_heard"",""accepts_boundary""]";1;;2026-03-11 04:46:49.707274+00
5be30b57-93fd-4513-a58b-947a744af59b;a0000001-0000-0000-0000-000000000016;warning;Avoid negotiation spirals;Offering too many choices or re-explaining the rule repeatedly can escalate the power struggle. State the plan once, then hold it with calm presence.;"[""fatigue""]";[];"[""reduced_arguing""]";1;;2026-03-11 04:46:49.707274+00
da14d1d5-bb98-4cc8-9394-807499f2a216;a0000001-0000-0000-0000-000000000018;strategy;Division of responsibility;Parent decides what, when, and where food is served. Child decides whether and how much to eat. Removes the power struggle from mealtime.;"[""hunger""]";"[""food_rewards""]";"[""reduced_pressure"",""eats_some""]";1;;2026-03-11 04:46:49.707274+00
db62716c-2f34-4077-932b-70c11b5decc4;a0000001-0000-0000-0000-000000000018;strategy;Learning plate approach;Place a small separate plate where the child can put foods they are not ready to eat yet. Reduces pressure and gives a sense of control over new foods.;"[""hunger""]";[];"[""tries_new_food"",""less_anxiety""]";1;;2026-03-11 04:46:49.707274+00
69cd3020-d017-40ad-9220-49011109ac82;a0000001-0000-0000-0000-000000000018;script;Safe food bridge;"Always include one safe food the child likes alongside new foods. Say: ""You do not have to eat the broccoli. Your yogurt is right here too.""";"[""hunger""]";"[""food_rewards""]";"[""eats_some"",""calms_quickly""]";1;;2026-03-11 04:46:49.707274+00
b5bc1cc6-1ff4-44d0-acc4-5880a0730085;a0000001-0000-0000-0000-000000000020;strategy;Visual routine chart;Use a simple picture-based chart showing each step. Point to the chart instead of repeating verbal instructions. This externalizes the authority.;"[""transitions"",""schedule_changes""]";[];"[""follows_routine"",""reduced_arguing""]";1;;2026-03-11 04:46:49.707274+00
079c9f69-0b16-48f4-bf4b-d8a186037739;a0000001-0000-0000-0000-000000000020;strategy;When-then framing;"Replace demands with when-then statements. ""When your shoes are on, then we can go."" Keeps it factual, not threatening.";"[""transitions""]";[];"[""accepts_boundary"",""follows_routine""]";1;;2026-03-11 04:46:49.707274+00
b62cd027-dbfb-4e08-8030-88b86a6d4495;a0000001-0000-0000-0000-000000000020;script;Body-based redirect;"If the child is frozen or crying, skip verbal reasoning. Say: ""Let us move our bodies. Can you hop to the door?"" Movement often breaks the freeze.";"[""fatigue"",""transitions""]";[];"[""calms_quickly"",""engages""]";1;;2026-03-11 04:46:49.707274+00
3a368856-71b8-4a53-8859-8abbe707f337;a0000001-0000-0000-0000-000000000028;strategy;Sportscaster narration;"Describe what you see without judging. ""I see two kids who both want the red truck."" This helps children feel seen and slows the escalation.";"[""sibling_conflict""]";[];"[""feels_heard"",""de_escalates""]";1;;2026-03-11 04:46:49.707274+00
bb6adf28-c3df-451a-a996-ba74fa511978;a0000001-0000-0000-0000-000000000028;strategy;Separation with connection;Briefly separate children to different spaces, then reconnect with each one individually. Avoid assigning blame. Focus on what each child needs.;"[""sibling_conflict""]";"[""time_outs""]";"[""calms_quickly"",""reduced_arguing""]";1;;2026-03-11 04:46:49.707274+00
03b46f02-0b10-4075-9319-f14d9d2b3752;a0000001-0000-0000-0000-000000000028;script;Problem-solving invitation;"After emotions settle, say: ""You both wanted it. What is one idea that could work for both of you?"" Coach the solution without imposing one.";"[""sibling_conflict""]";[];"[""learns_skill"",""accepts_boundary""]";1;;2026-03-11 04:46:49.707274+00
a0a3a294-7753-4d99-a39b-4c4663bccde5;a0000001-0000-0000-0000-000000000022;strategy;Countdown warnings;Give 2-minute and 1-minute warnings before transitions. Use a visual timer if possible. Predictability reduces meltdowns.;"[""transitions""]";[];"[""accepts_transition"",""reduced_arguing""]";1;;2026-03-11 04:46:49.707274+00
0384a56a-e5c6-4c08-bb6d-41ecfbf3118c;a0000001-0000-0000-0000-000000000022;strategy;Bridge object;Let the child bring one small item from the current activity to the next. This provides continuity and softens the break.;"[""transitions""]";[];"[""accepts_transition"",""calms_quickly""]";1;;2026-03-11 04:46:49.707274+00
e69c970b-bfeb-4723-9ba5-32faa0fa1f07;a0000001-0000-0000-0000-000000000022;script;Acknowledge then redirect;"Say: ""It is hard to stop when you are having fun. You can finish that one piece, and then we will move to the next thing.""";"[""transitions""]";[];"[""feels_heard"",""accepts_boundary""]";1;;2026-03-11 04:46:49.707274+00
06fda90c-c0b1-46d6-9aff-94986102f7ff;a0000001-0000-0000-0000-000000000031;strategy;Two-choice clothing;"Lay out exactly two options. Say: ""Do you want the blue shirt or the green shirt?"" Reduces overwhelm while maintaining the boundary.";"[""transitions""]";[];"[""accepts_choice"",""follows_routine""]";1;;2026-03-11 04:46:49.707274+00
f30a5287-aa95-4047-91e7-40eb8df85e3b;a0000001-0000-0000-0000-000000000031;script;Playful dressing;"Turn it into a game. ""Can you get your shirt on before I count to ten?"" or ""Let us see if your socks are hiding — oh there they are!"" Playfulness bypasses resistance.";"[""transitions""]";[];"[""engages"",""calms_quickly""]";1;;2026-03-11 04:46:49.707274+00
5d5d9631-62bc-4b1b-bf3c-0c206ed66893;a0000001-0000-0000-0000-000000000024;strategy;Calm anchor technique;Get down to the child's level. Speak quietly. Your calm is the anchor. Ignore onlookers. Focus only on the child.;"[""sensory_overload"",""public_setting""]";[];"[""calms_quickly"",""feels_heard""]";1;;2026-03-11 04:46:49.707274+00
03ecd01c-4161-4401-b0d7-0df5bccc88a0;a0000001-0000-0000-0000-000000000024;strategy;Strategic exit;"If the child cannot regulate, calmly leave the environment. Say: ""We are going to take a break outside."" Return later or try another day.";"[""sensory_overload"",""public_setting""]";[];"[""de_escalates"",""calms_quickly""]";1;;2026-03-11 04:46:49.707274+00
55ad8161-35a9-4456-ae98-ac1ef767118e;a0000001-0000-0000-0000-000000000024;script;Validate in public;"Say: ""I can see you are really upset. I am right here. We can figure this out together."" Do not worry about other people watching.";"[""public_setting""]";"[""shame_language""]";"[""feels_heard"",""calms_quickly""]";1;;2026-03-11 04:46:49.707274+00
5ac563f3-3917-4779-8322-10f3f2caced9;a0000001-0000-0000-0000-000000000026;strategy;Transition ritual after screens;Create a specific ritual for after screen time. Example: screens off, then a physical activity or snack. Predictable transitions reduce battles.;"[""transitions""]";"[""screen_bribery""]";"[""accepts_transition"",""follows_routine""]";1;;2026-03-11 04:46:49.707274+00
0b47afd1-9c21-4463-b31d-606c9d70555f;a0000001-0000-0000-0000-000000000026;script;Named ending;"Say: ""After this episode ends, screens are done. What do you want to do next?"" Giving them agency over the next activity eases the loss.";"[""transitions""]";"[""screen_bribery""]";"[""accepts_boundary"",""reduced_arguing""]";1;;2026-03-11 04:46:49.707274+00
f3173a73-9bb4-4f09-897f-528dd2979213;a0000001-0000-0000-0000-000000000009;strategy;Chunk and celebrate;Break homework into small 5-10 minute chunks with brief movement breaks. Celebrate completing each chunk, not perfection.;"[""fatigue""]";[];"[""engages"",""follows_routine""]";1;;2026-03-11 04:46:49.707274+00
d629817c-22f0-4de7-a32e-c810f9a418b3;a0000001-0000-0000-0000-000000000009;script;Start alongside;"Sit down and do your own quiet task next to them. Say: ""I will do my work while you do yours. We are a team."" Parallel presence reduces isolation.";"[""fatigue""]";[];"[""engages"",""calms_quickly""]";1;;2026-03-11 04:46:49.707274+00
78f4214a-981b-4288-b855-f12f96c82867;a0000001-0000-0000-0000-000000000010;strategy;Sensory-friendly bath;Check water temperature, reduce echo, add bath toys or colors. Sometimes refusal is sensory, not behavioral.;"[""sensory_overload""]";[];"[""engages"",""calms_quickly""]";1;;2026-03-11 04:46:49.707274+00
fe050257-afdf-4e20-84e3-5a0fed388f2b;a0000001-0000-0000-0000-000000000010;script;Choice within boundary;"Say: ""Bath time is happening. Do you want bubbles or no bubbles? Do you want to bring a toy?"" The bath is non-negotiable; the details are theirs.";"[""transitions""]";[];"[""accepts_choice"",""follows_routine""]";1;;2026-03-11 04:46:49.707274+00
0de69364-5ded-4182-9ba2-72b06c8b9efd;a0000001-0000-0000-0000-000000000029;strategy;Turn-taking with timer;"Use a visual timer. ""You can play with it until the timer goes off, then it is their turn."" Externalizes the rule.";"[""sibling_conflict""]";[];"[""accepts_boundary"",""learns_skill""]";1;;2026-03-11 04:46:49.707274+00
649003fa-d4f9-4366-aca1-0e85c37a1c4d;a0000001-0000-0000-0000-000000000029;script;Acknowledge ownership;"Say: ""You are not done playing with that yet. When you are done, can you let them know?"" Respects the child's sense of ownership first.";[];[];"[""feels_heard"",""shares_willingly""]";1;;2026-03-11 04:46:49.707274+00
9fcf6e1f-5fc7-4a1e-b107-5c8366802e03;a0000001-0000-0000-0000-000000000027;strategy;Consistent goodbye ritual;Create a short, repeatable goodbye ritual (hug, kiss, special phrase). Never sneak away. Consistency builds trust over time.;"[""transitions""]";[];"[""calms_quickly"",""trusts_routine""]";1;;2026-03-11 04:46:49.707274+00
6c43a72c-9193-4159-800e-2b16ff2c656c;a0000001-0000-0000-0000-000000000027;script;Reunion promise;"Say: ""I will always come back. After lunch, I will be right here."" Be specific about when you return. Follow through every time.";"[""transitions""]";[];"[""calms_quickly"",""trusts_routine""]";1;;2026-03-11 04:46:49.707274+00
f22edb17-2c60-4288-b09c-7ea4bab604d9;a0000001-0000-0000-0000-000000000025;strategy;Block and name;"Gently block the hit. Say: ""I will not let you hit. Hitting hurts."" Do not lecture. Keep it short and firm. Stay regulated.";"[""sibling_conflict""]";"[""physical_punishment"",""yelling""]";"[""stops_behavior"",""feels_safe""]";1;;2026-03-11 04:46:49.707274+00
49c1fa45-760a-4fb6-a76a-a1a381be0d55;a0000001-0000-0000-0000-000000000025;script;Offer replacement;"Say: ""You are really mad. You can stomp your feet or squeeze this pillow. I will not let you hit."" Give an acceptable outlet for the energy.";[];"[""physical_punishment""]";"[""redirects"",""calms_quickly""]";1;;2026-03-11 04:46:49.707274+00
bda5107d-1ba3-47a8-9260-9f2419e5def5;a0000001-0000-0000-0000-000000000023;strategy;Validate before redirecting;"Acknowledge the feeling before addressing the behavior. ""I hear that you are frustrated"" is more effective than ""Stop whining.""";"[""fatigue"",""hunger""]";"[""shame_language"",""yelling""]";"[""feels_heard"",""calms_quickly""]";1;;2026-03-11 04:46:49.707274+00
91b86e58-7440-4e69-b3a9-84c33caacf7b;a0000001-0000-0000-0000-000000000023;script;Restate with coaching;"Say: ""I want to help you. Can you tell me again in your regular voice so I can understand?"" Coach the skill without shaming.";"[""fatigue""]";"[""shame_language""]";"[""learns_skill"",""calms_quickly""]";1;;2026-03-11 04:46:49.707274+00
19a89922-7618-4e3e-be88-b2cb09974bb4;a0000001-0000-0000-0000-000000000030;strategy;Make it manageable;"Say: ""You do not have to clean everything. Just pick up the blocks. I will get the books."" Breaking it down reduces overwhelm.";"[""transitions""]";[];"[""engages"",""follows_routine""]";1;;2026-03-11 04:46:49.707274+00
077bb80b-1a54-4da5-9e06-9742aeba5b0c;a0000001-0000-0000-0000-000000000030;script;Playful cleanup;"Say: ""Let us see if we can get all the cars in the box before this song ends!"" Gamification works better than commands for young children.";"[""transitions""]";[];"[""engages"",""calms_quickly""]";1;;2026-03-11 04:46:49.707274+00
b0000001-0000-0000-0000-000000000001;a0000001-0000-0000-0000-000000000016;explanation;Why toddlers and preschoolers resist bedtime;Bedtime is a loss of connection and control happening to a brain not yet fully wired for smooth transitions. The sleep onset association model (Blampied & France, 1993) explains that children learn to fall asleep only in the presence of familiar caregiver cues — when those cues disappear, normal overnight arousals trigger crying rather than self-soothing. By the end of the day, a toddler's self-regulation reserve is genuinely depleted, making this the worst possible moment to demand independent coping.;"[""transitions"",""fatigue""]";[];"[""parent reframes resistance as exhaustion not defiance"",""parent feels less frustrated""]";1.5;;2026-03-15 00:00:00+00
b0000001-0000-0000-0000-000000000002;a0000001-0000-0000-0000-000000000016;strategy;Wind-down connection ritual (gentle);Begin winding down 15–20 minutes before sleep time by dimming lights, lowering your voice, and shifting to calm physical togetherness: a short book, one song, one moment of close physical contact. The transition from play to sleep becomes a movement toward the parent, not away. Mindell et al. (2009) demonstrated that a consistent three-step nightly routine reduced sleep onset by 37% and night wakings by 31% in infants and toddlers — the specific steps matter less than their predictability and the relational safety they create.;"[""transitions"",""fatigue""]";[];"[""child settles faster at bedtime"",""bedtime protest reduces within 2 weeks"",""parent-child warmth at bedtime increases""]";1.5;;2026-03-15 00:00:00+00
b0000001-0000-0000-0000-000000000003;a0000001-0000-0000-0000-000000000016;strategy;4-step visual bedtime sequence (structured);"Create a 4-step bedtime sequence posted where the child can see it — bath, teeth, story, lights out — and reference it nightly: ""What's next on our chart?"" The sequence itself becomes the authority, removing the parent from the enforcer role. Mindell and Williamson (2017) identify 4–6 component sequences as carrying the strongest evidence base, with the structured order as the active ingredient. Consistency across at least two to three weeks is required before the behavioral change consolidates.";"[""transitions"",""schedule changes""]";[];"[""child follows sequence with reduced negotiation"",""parent feels less like the enforcer"",""sleep onset shortens over 2–3 weeks""]";1.5;;2026-03-15 00:00:00+00
b0000001-0000-0000-0000-000000000004;a0000001-0000-0000-0000-000000000016;script;Acknowledge and stay close (gentle);"""I can see you don't want to stop. That makes sense — you were having so much fun. I'm going to stay right with you while we get ready for bed.""";"[""transitions"",""fatigue""]";[];"[""protest reduces"",""child feels heard and safe""]";1.0;;2026-03-15 00:00:00+00
b0000001-0000-0000-0000-000000000005;a0000001-0000-0000-0000-000000000016;script;State the rule, offer a choice (structured);"""It's sleep time. That's our family rule. Do you want to walk to your room, or should I carry you?""";"[""transitions""]";[];"[""child chooses rather than protests"",""transition completes faster""]";1.0;;2026-03-15 00:00:00+00
b0000001-0000-0000-0000-000000000006;a0000001-0000-0000-0000-000000000016;script;Name the feeling, hold the limit (balanced);"""I hear that you want to keep playing. And it is time for sleep. Those two things can both be true. Let's do our routine together.""";"[""transitions"",""fatigue""]";[];"[""protest reduces when both feeling and limit are named"",""child moves toward compliance with fewer repetitions""]";1.0;;2026-03-15 00:00:00+00
b0000001-0000-0000-0000-000000000007;a0000001-0000-0000-0000-000000000016;warning;Avoid returning after lights out;"Once the routine begins, returning repeatedly in response to ""one more"" requests teaches the child that protest reliably extends bedtime. Blampied and France (1993) identify consistency as the behavioral mechanism that changes sleep patterns: learning happens across several nights, not in a single session. Short-term distress during the transition is not evidence of harm — Gradisar et al.'s (2016) RCT found no differences in cortisol, attachment, or behavioral outcomes at 12 months between graduated extinction and sleep hygiene control conditions.";"[""transitions"",""fatigue""]";"[""cry_it_out""]";[];0.7;;2026-03-15 00:00:00+00
b0000001-0000-0000-0000-000000000008;a0000001-0000-0000-0000-000000000017;explanation;Why school-age children delay bedtime;"School-age bedtime resistance is less about overtiredness and more about autonomy and anxiety: the child's mental world is larger at night, including worries about school, friendships, and tomorrow's demands. The prefrontal cortex continues developing through the mid-20s; shifting from stimulating activity to sleep requires genuine cognitive flexibility that remains imperfect across childhood. A predictable routine continues to work for this age band — school-age children need a version that respects their growing capacity for reasoning and reduced adult monitoring.";"[""fatigue"",""schedule changes""]";[];"[""parent understands resistance is not defiance"",""strategies feel age-appropriate""]";1.0;;2026-03-15 00:00:00+00
b0000001-0000-0000-0000-000000000009;a0000001-0000-0000-0000-000000000017;strategy;Consistent bedtime with earned wind-down (structured);Set a non-negotiable lights-out time and work backward to create a 30-minute pre-bed wind-down window the child has some input into: reading, journaling, or quiet conversation. The child earns the wind-down activity by being in their room by the agreed start time. This provides bounded autonomy within a structure that cannot be negotiated away — the Self-Determination Theory principle that choice within clear limits supports compliance (Joussemet et al., 2008).;"[""fatigue"",""schedule changes""]";"[""screen_bribery""]";"[""child transitions to bedroom without major protest"",""bedtime arguments reduce significantly""]";1.0;;2026-03-15 00:00:00+00
b0000001-0000-0000-0000-000000000010;a0000001-0000-0000-0000-000000000017;strategy;Worry journal as bedtime transition (gentle);"Offer a 5-minute structured ""brain download"" before lights-out: anything on the child's mind goes onto paper or a whiteboard. This externalizes anxious thoughts, creates a clear transition boundary between awake-thinking and sleep-time, and gives the verbal child a sanctioned outlet. For children who delay with repeated questions or expressed worries, this targets the underlying regulatory mechanism rather than managing only the symptomatic delay.";"[""fatigue""]";[];"[""delay-by-questions reduces"",""child settles faster after writing"",""parent-child conversation has a clear endpoint""]";1.0;;2026-03-15 00:00:00+00
b0000001-0000-0000-0000-000000000011;a0000001-0000-0000-0000-000000000017;script;Acknowledge and hold the limit (balanced);"""I know you're not tired yet — and your body still needs rest time. We can talk about changing bedtime another day. Right now it's sleep time.""";"[""fatigue"",""schedule changes""]";[];"[""child accepts the boundary with less negotiation"",""clear limit reduces the ongoing negotiation loop""]";1.0;;2026-03-15 00:00:00+00
b0000001-0000-0000-0000-000000000012;a0000001-0000-0000-0000-000000000017;warning;Keep screens out of the pre-bed hour;Screen light and alert content suppress melatonin and delay sleep onset regardless of how tired the child is — this is a physiological effect, not a willpower issue. Building a screen-free pre-bed routine is a structural change, not a nightly negotiation. The most effective implementation is to charge all devices outside the bedroom as a standing family practice rather than a nightly permission decision.;"[""fatigue""]";[];[];1.5;;2026-03-15 00:00:00+00
b0000001-0000-0000-0000-000000000013;a0000001-0000-0000-0000-000000000018;explanation;Why toddlers and preschoolers refuse food;"Food neophobia — a biologically built-in fear of unfamiliar foods — is strongest between 18 and 36 months. It is an evolutionary survival mechanism, not defiance. Caton et al.'s (2012) RCT found that only repeated neutral exposure — not pressure, not coaxing, not hiding the food — significantly increased toddler acceptance of novel vegetables. The refusal is real; the solution is patience and repetition, not persuasion. Perry et al. (2015) confirm this is the developmental peak: neophobia declines naturally through the preschool years.";"[""hunger"",""sensory overload""]";[];"[""parent reframes refusal as developmentally normal"",""parent reduces mealtime pressure""]";1.5;;2026-03-15 00:00:00+00
b0000001-0000-0000-0000-000000000014;a0000001-0000-0000-0000-000000000018;strategy;Divide responsibility at the table (balanced);"The parent decides what is offered, when, and where; the child decides whether and how much to eat. Offer a refused food alongside one or two accepted foods at every meal, without comment on what the child chooses. Ventura and Birch (2008) summarize the causal evidence: parental pressure reliably decreases intake and food enjoyment; restriction reliably increases intake beyond hunger. Aim for 8–15 exposures of a new food before expecting acceptance — targeting this is the Caton et al. (2012) RCT evidence base.";"[""hunger"",""sensory overload""]";[];"[""mealtime conflict reduces"",""parent stops tracking intake volume"",""child accepts more variety within 2 months""]";1.5;;2026-03-15 00:00:00+00
b0000001-0000-0000-0000-000000000015;a0000001-0000-0000-0000-000000000018;strategy;Structured mealtime with no-pressure exposure (structured);"Offer meals at predictable times in the same location with the same routine. Include one familiar accepted food at every meal. Place a new food on the plate without comment — ""you don't have to eat it"" is permissible but no coaxing or praise for trying. Sanders et al. (1993) observed that parental negativity and pressure during meals create a self-reinforcing coercive cycle: the less the child eats, the more the parent pressures; the more the parent pressures, the less the child eats.";"[""hunger"",""fatigue"",""schedule changes""]";"[""food_rewards""]";"[""mealtimes become calmer"",""coercive pressure cycle reduces"",""child stays at the table longer""]";1.5;;2026-03-15 00:00:00+00
b0000001-0000-0000-0000-000000000016;a0000001-0000-0000-0000-000000000018;script;No pressure, just presence (gentle);"""You don't have to eat it. It's just there for you if you want to try it. Everyone's eating together now.""";"[""hunger"",""sensory overload""]";[];"[""child's mealtime anxiety reduces"",""refusal protests quiet down over weeks of consistent neutral serving""]";1.5;;2026-03-15 00:00:00+00
b0000001-0000-0000-0000-000000000017;a0000001-0000-0000-0000-000000000018;script;State the expectation, offer the choice (structured);"""You need to sit with us for family mealtime. You decide how much to eat. These are our choices tonight.""";"[""hunger""]";[];"[""child stays at table"",""mealtime power struggle reduces""]";1.0;;2026-03-15 00:00:00+00
b0000001-0000-0000-0000-000000000018;a0000001-0000-0000-0000-000000000018;script;Serve without commentary (balanced);"""Here's dinner. I put some broccoli there — you don't need to eat it. I'm going to have mine and we can talk about your day.""";"[""hunger""]";[];"[""zero-pressure modeling reduces child's defensive reaction to the food"",""mealtime atmosphere stays warm regardless of intake""]";1.5;;2026-03-15 00:00:00+00
b0000001-0000-0000-0000-000000000019;a0000001-0000-0000-0000-000000000018;warning;Never use food as reward or bribe;"Offering dessert conditionally (""if you eat your vegetables, you can have dessert"") increases preference for the reward food and decreases preference for the target food — the opposite of the intended effect. Gregory et al. (2010) found this effect in prospective data; using food incentives also disrupts the appetite self-regulation signals children need to develop. This is among the most common parental stress-responses to food refusal (Goodell et al., 2016) and one of the most counterproductive.";"[""hunger""]";"[""food_rewards""]";[];1.5;;2026-03-15 00:00:00+00
b0000001-0000-0000-0000-000000000020;a0000001-0000-0000-0000-000000000018;warning;Avoid hiding vegetables in food;Disguising disliked foods prevents the repeated exposures that actually build long-term acceptance. A child who eats pureed spinach without knowing has not developed palate familiarity with spinach — they have simply consumed it without the exposure mechanism. Caton et al. (2012) specifically found that flavour-flavour conditioning (pairing with a liked taste) did not produce the same acceptance gains as direct repeated exposure.;"[""hunger""]";[];[];1.0;;2026-03-15 00:00:00+00
b0000001-0000-0000-0000-000000000021;a0000001-0000-0000-0000-000000000019;explanation;Why school-age children still refuse foods;"In school-age children, selective eating often reflects preferences entrenched during the toddler and preschool years rather than primary neophobia. The bidirectional pressure cycle identified by Sanders et al. (1993) continues to operate: parental pressure activates the child's reactance response, making them less likely to try the food and more likely to escalate mealtime conflict. Habits around eating are behavioral; changing them requires systematic, patient restructuring of the mealtime environment rather than more pressure.";"[""hunger"",""fatigue""]";[];"[""parent reduces pressure tactics"",""mealtime atmosphere becomes calmer""]";1.0;;2026-03-15 00:00:00+00
b0000001-0000-0000-0000-000000000022;a0000001-0000-0000-0000-000000000019;strategy;In-the-moment coaching at meals (balanced);"Campbell et al.'s (2024) PCIT-Health trial found that real-time coaching of parents during meals — focusing on reducing controlling feeding practices and increasing positive attention — simultaneously reduced both parent pressure and child mealtime behavior problems. The transferable technique: describe what the child is doing correctly (""you tried the new food — that was brave""), ignore minor food refusal without comment, and maintain warm conversation regardless of what is being eaten.";"[""hunger"",""fatigue""]";"[""food_rewards""]";"[""mealtime conflict reduces"",""child attempts more foods over weeks"",""parent feels less anxious about meals""]";1.5;;2026-03-15 00:00:00+00
b0000001-0000-0000-0000-000000000023;a0000001-0000-0000-0000-000000000019;script;Describe the positive, ignore the refusal (balanced);"""I noticed you tried the rice — that was new for you. What else are you hungry for tonight?""";"[""hunger""]";[];"[""positive attention on eating behavior increases"",""refusal not reinforced with conflict or pressure""]";1.5;;2026-03-15 00:00:00+00
b0000001-0000-0000-0000-000000000024;a0000001-0000-0000-0000-000000000019;script;Hold the structure without pressure (structured);"""These are tonight's choices. You don't have to eat anything you don't want to. Eat until you're full and then we'll clear up together.""";"[""hunger""]";[];"[""child manages appetite independently"",""mealtime power struggle ends""]";1.0;;2026-03-15 00:00:00+00
b0000001-0000-0000-0000-000000000025;a0000001-0000-0000-0000-000000000019;warning;Avoid force or shame about not eating;"Comments like ""you're being so picky"" or ""your sister eats everything"" attach shame to a largely behavioral pattern — and shame-based parenting predicts both internalizing and externalizing outcomes (Hoeve et al., 2009; Katz et al., 2012). Comparing the child's eating to siblings or peers activates the comparison red line. The parent's job remains: provide healthy options. The child's job: decide whether and how much to eat.";"[""hunger""]";"[""shame_language"",""comparison""]";[];1.5;;2026-03-15 00:00:00+00
b0000001-0000-0000-0000-000000000026;a0000001-0000-0000-0000-000000000020;explanation;Why mornings are developmentally difficult;The morning is neurologically demanding: the prefrontal cortex — the child's regulatory system — is at minimum availability after waking (sleep inertia takes 20–30 minutes to clear), yet the morning sequence imposes multiple transitions every 5–10 minutes. Advance warning addresses this directly: Brewer et al. (2014) show that 5-minute then 2-minute countdowns reduce transition-related behavior problems by giving immature executive function time to prepare for each shift rather than encountering it without notice.;"[""transitions"",""fatigue"",""schedule changes""]";[];"[""parent starts giving advance notice"",""morning conflict reduces within 2 weeks""]";1.5;;2026-03-15 00:00:00+00
b0000001-0000-0000-0000-000000000027;a0000001-0000-0000-0000-000000000020;strategy;Prep the night before (structured);"Remove at least two morning decision points by doing them the previous evening: choose clothes together, pack the bag, set out breakfast items. Ren and Fan (2018) found that routine structure predicts self-regulation in preschoolers; every decision removed from the morning window reduces the regulatory demand on both parent and child. A visual morning chart posted at the child's eye level externalizes the sequence and reduces the number of verbal prompts the parent needs to give.";"[""transitions"",""fatigue"",""schedule changes""]";[];"[""morning sequence completes faster"",""parent gives fewer verbal prompts"",""departure conflict reduces""]";1.5;;2026-03-15 00:00:00+00
b0000001-0000-0000-0000-000000000028;a0000001-0000-0000-0000-000000000020;strategy;Wake with connection before demands (gentle);Give the child 5–10 minutes of non-demanding awake time before the first morning request — a brief cuddle, or simply quiet talking without instructions. This allows sleep inertia to clear and activates the ventral vagal safe-engagement state (Porges, 2022) before the sequence of transitions begins. Children whose first waking experience is immediate social pressure show more defensive avoidance and escalation throughout the entire morning sequence.;"[""transitions"",""fatigue""]";[];"[""child is more cooperative during the morning sequence"",""first transition out of bed is smoother""]";1.0;;2026-03-15 00:00:00+00
b0000001-0000-0000-0000-000000000029;a0000001-0000-0000-0000-000000000020;script;Ease them in (gentle);"""Good morning. I'm so happy to see you. Let's have a cuddle for a bit, and then we'll get your clothes on together.""";"[""fatigue"",""transitions""]";[];"[""child wakes less defensively"",""first morning transition is easier""]";1.0;;2026-03-15 00:00:00+00
b0000001-0000-0000-0000-000000000030;a0000001-0000-0000-0000-000000000020;script;5-minute warning (structured);"""In 5 minutes it's time to get dressed. I'll come back to help you when it's time.""";"[""transitions"",""schedule changes""]";[];"[""transition begins more smoothly"",""protest at transition start reduces""]";1.5;;2026-03-15 00:00:00+00
b0000001-0000-0000-0000-000000000031;a0000001-0000-0000-0000-000000000020;script;Name the goal, offer a choice (balanced);"""I know mornings are hard. We need to get to school on time. Which do you want to do first — shoes or jacket?""";"[""transitions"",""fatigue""]";[];"[""child engages with choice rather than refusing the entire sequence"",""morning proceeds faster""]";1.0;;2026-03-15 00:00:00+00
b0000001-0000-0000-0000-000000000032;a0000001-0000-0000-0000-000000000020;warning;Avoid rapid-fire commands under time pressure;"A sequence of commands (""Hurry up! Get dressed! Put your shoes on!"") activates the child's threat-detection system rather than their compliance system. A dysregulated child cannot process multiple simultaneous instructions; each added command increases dysregulation. The most effective route to a faster morning is a prepared environment and advance notice, not increased verbal pressure. Speed pressure on an already dysregulated child reliably makes the situation longer, not shorter.";"[""transitions"",""fatigue""]";"[""yelling""]";[];1.0;;2026-03-15 00:00:00+00
b0000001-0000-0000-0000-000000000033;a0000001-0000-0000-0000-000000000021;explanation;Why school-age morning resistance is different;School-age morning resistance retains the same regulatory biology as toddler transitions — sleep inertia still reduces early-morning executive function — but adds cognitively motivated delay: social anxiety about school, task avoidance, and heightened need for perceived autonomy over personal choices. Patterson (2002) identifies the coercive family process: once a child learns that resistance postpones the demand, each subsequent morning raises the base arousal level for conflict and the threshold activation for parental intervention escalates.;"[""transitions"",""fatigue"",""schedule changes""]";[];"[""parent understands resistance has both developmental and learned components"",""strategies address both the biology and the behavior""]";1.0;;2026-03-15 00:00:00+00
b0000001-0000-0000-0000-000000000034;a0000001-0000-0000-0000-000000000021;strategy;Co-create the morning routine (gentle);During a calm moment, sit down with the school-age child and build the morning routine together: what needs to happen, in what order, by what time. The child's input increases buy-in and reduces resistance because the routine is partly their creation. Joussemet et al. (2008) demonstrate that autonomy support — involvement in rule-creation — predicts greater compliance in school-age children than top-down authority alone, and this difference grows as autonomy drive increases through middle childhood.;"[""transitions"",""schedule changes""]";[];"[""child references the plan they co-created"",""morning conflict reduces over 2–3 weeks"",""child begins self-initiating morning tasks""]";1.0;;2026-03-15 00:00:00+00
b0000001-0000-0000-0000-000000000035;a0000001-0000-0000-0000-000000000021;script;Remind without commanding (balanced);"""Hey — 20 minutes until we leave. I know you've got this. Let me know if you need help.""";"[""transitions"",""schedule changes""]";[];"[""child responds to autonomy-respecting reminder"",""parent avoids command escalation""]";1.0;;2026-03-15 00:00:00+00
b0000001-0000-0000-0000-000000000036;a0000001-0000-0000-0000-000000000021;script;State the natural consequence, step back (structured);"""If we're not in the car by 8:15, you'll be late and you'll need to explain it to your teacher. I'll be ready at 8:10.""";"[""transitions"",""schedule changes""]";[];"[""natural consequence becomes the motivator"",""parent steps out of the nagging role"",""child develops ownership of the morning sequence""]";1.0;;2026-03-15 00:00:00+00
b0000001-0000-0000-0000-000000000037;a0000001-0000-0000-0000-000000000021;warning;Avoid rescuing them from natural consequences every time;If the child is regularly late, consistently protecting them from the consequence — writing notes, calling ahead — removes the natural reinforcer for self-directed morning behavior. Joussemet et al. (2008) distinguish behavioral control (consistent limits and consequences) from psychological control (shame and guilt): allowing a natural consequence to occur is behavioral, not punitive, and supports self-regulation development over time.;"[""schedule changes""]";[];[];0.7;;2026-03-15 00:00:00+00
b0000001-0000-0000-0000-000000000038;a0000001-0000-0000-0000-000000000022;explanation;Why transitions trigger meltdowns;"A transition requires the child's brain to simultaneously disengage from an active, rewarding activity and engage with a new, adult-defined one — a dual cognitive demand requiring the dorsolateral prefrontal cortex and anterior cingulate, both still immature. Hongwanishkul et al. (2005) show that ""hot"" executive function — needed when the abandoned activity is highly desirable — develops more slowly and is more disrupted by emotional arousal than ""cool"" EF. The meltdown is not manipulative; it is a genuine prefrontal capacity failure.";"[""transitions"",""fatigue"",""sensory overload"",""new environments""]";[];"[""parent reframes meltdown as capacity failure not defiance"",""parent begins giving earlier transition warnings""]";1.5;;2026-03-15 00:00:00+00
b0000001-0000-0000-0000-000000000039;a0000001-0000-0000-0000-000000000022;strategy;5-minute then 2-minute advance notice (structured);Give a 5-minute verbal warning, followed by a 2-minute warning with a visual component — holding up two fingers or setting a visible timer. Brewer et al. (2014) identify this graduated countdown as the most evidence-supported transition protocol: it gives immature executive function time to begin disengaging before the physical demand arrives, substantially reducing the surprise-load of the transition and the frequency of meltdown onset.;"[""transitions""]";[];"[""transition meltdown intensity reduces"",""child begins to disengage before being forced to stop"",""parent gives prompts earlier rather than at the last minute""]";1.5;;2026-03-15 00:00:00+00
b0000001-0000-0000-0000-000000000040;a0000001-0000-0000-0000-000000000022;strategy;Name the transition and preview what comes next (balanced);"During the advance warning, name both the loss and what follows: ""In 5 minutes we're leaving the park. Then we're going home and we'll have a snack together."" This two-part approach acknowledges what is ending and simultaneously activates a new forward goal. Buttelmann and Karbach (2017) demonstrate that caregiver scaffolding quality strongly shapes how quickly cognitive flexibility develops in 3–7-year-olds — this is one of the highest-value scaffolding moves available at this age.";"[""transitions"",""schedule changes""]";[];"[""child begins wrapping up rather than escalating"",""meltdown duration shortens"",""child eventually self-generates 'what comes next'""]";1.5;;2026-03-15 00:00:00+00
b0000001-0000-0000-0000-000000000041;a0000001-0000-0000-0000-000000000022;script;Acknowledge the loss (gentle);"""I know it's so hard to leave when you're having this much fun. It really is. We have to go now, and I'm going to be right with you the whole time.""";"[""transitions"",""fatigue""]";[];"[""child feels understood"",""protest transitions to sadness rather than escalating rage"",""parent stays connected during departure""]";1.0;;2026-03-15 00:00:00+00
b0000001-0000-0000-0000-000000000042;a0000001-0000-0000-0000-000000000022;script;Set the timer and state when (structured);"""Five more minutes. I'm setting the timer now so you can see it. When it beeps, it's time to go.""";"[""transitions""]";[];"[""child processes the upcoming transition"",""protest at departure reduces with repeated use"",""child watches the timer themselves over time""]";1.5;;2026-03-15 00:00:00+00
b0000001-0000-0000-0000-000000000043;a0000001-0000-0000-0000-000000000022;script;Name the feeling, hold the limit (balanced);"""I can see you really don't want to stop. That makes total sense. AND we have to go now. Let's say goodbye to the park together.""";"[""transitions""]";[];"[""child's protest acknowledged without extending the transition"",""parent stays calm and connected""]";1.0;;2026-03-15 00:00:00+00
b0000001-0000-0000-0000-000000000044;a0000001-0000-0000-0000-000000000022;warning;Never expect immediate compliance at transition;Announcing a transition and expecting immediate compliance gives the immature prefrontal cortex zero preparation time. The resistance that follows is neurobiologically predictable, not deliberate testing. A 5-minute warning is not a parenting philosophy preference — it is calibrating demands to developmental capacity. Demanding compliance without preparation time and then escalating when it does not come is the fastest route to a full meltdown and a coercive cycle (Patterson, 2002).;"[""transitions""]";[];[];1.0;;2026-03-15 00:00:00+00
b0000001-0000-0000-0000-000000000045;a0000001-0000-0000-0000-000000000023;explanation;Why toddlers whine;Whining is what happens when a child's need exceeds their current language and regulatory capacity: they know something is wrong but cannot produce the regulated verbal request to address it. Carr and Durand (1985) established — with 2,118 citations — that most challenging behaviors in young children serve a communicative function. Teaching the child to name what they need, rather than simply demanding they stop whining, addresses the mechanism rather than only the surface behavior.;"[""fatigue"",""hunger"",""transitions""]";[];"[""parent sees whining as a communication signal rather than manipulation"",""parent identifies the underlying need first""]";1.5;;2026-03-15 00:00:00+00
b0000001-0000-0000-0000-000000000046;a0000001-0000-0000-0000-000000000023;strategy;Acknowledge the feeling before asking for behavior change (gentle);"Before asking the child to use a different voice, first acknowledge what you think they are communicating: ""You sound really frustrated. Are you hungry?"" Validation activates the parasympathetic nervous system (Porges, 2022) and typically reduces the intensity of the whine, making the subsequent request for a calmer voice more achievable. A dysregulated child cannot self-regulate on command — they need co-regulation first.";"[""fatigue"",""hunger"",""transitions""]";[];"[""whining intensity reduces after acknowledgment"",""child attempts verbal communication"",""escalation is interrupted""]";1.5;;2026-03-15 00:00:00+00
b0000001-0000-0000-0000-000000000047;a0000001-0000-0000-0000-000000000023;strategy;Practice calm voice outside of conflict (structured);"Outside of whining episodes, practice two voices in a low-stakes game: ""whining voice"" and ""calm voice."" A brief 30-second daily practice — ""tell me you want something in your whining voice, now say it in your calm voice"" — builds the neural pathway for the skill before stress demands it. Patterson (2002) establishes that compliance skills must be developed in low-arousal states before they can be applied under stress; the skill cannot be effectively taught during the meltdown.";"[""fatigue"",""hunger""]";[];"[""child demonstrates ability to switch voice during calm practice"",""skill transfers to mildly stressed situations over weeks""]";1.0;;2026-03-15 00:00:00+00
b0000001-0000-0000-0000-000000000048;a0000001-0000-0000-0000-000000000023;script;Name what you hear, offer connection (gentle);"""I can hear that something is really wrong right now. Are you hungry? Are you tired? I'm right here with you.""";"[""fatigue"",""hunger""]";[];"[""whining gives way to verbal identification of need"",""child accepts comfort""]";1.0;;2026-03-15 00:00:00+00
b0000001-0000-0000-0000-000000000049;a0000001-0000-0000-0000-000000000023;script;Calm voice request with clear response rule (structured);"""I can see you need something. Use your calm voice and tell me what it is. When you use your calm voice, I'll always listen.""";"[""fatigue"",""hunger""]";[];"[""child switches to a calmer voice more quickly"",""parent avoids giving in to the whining tone""]";1.0;;2026-03-15 00:00:00+00
b0000001-0000-0000-0000-000000000050;a0000001-0000-0000-0000-000000000023;script;Acknowledge and redirect to words (balanced);"""I can hear that you're upset. I want to help. Can you take one breath and tell me what you need? I'm listening.""";"[""fatigue"",""hunger"",""transitions""]";[];"[""child's escalation is interrupted"",""child attempts a verbal request"",""parent stays regulated""]";1.0;;2026-03-15 00:00:00+00
b0000001-0000-0000-0000-000000000051;a0000001-0000-0000-0000-000000000023;warning;Don't give in to the whining tone;"Granting requests made in a whining voice teaches the child that whining is the most effective communication strategy. The goal is to pause until a minimally calmer request is made — then respond promptly and warmly. The whined request receives a calm-voice prompt; the calm-voice request receives an immediate warm response. This is behavioral shaping: small approximations toward the target behavior reinforced quickly.";"[""fatigue""]";[];[];1.0;;2026-03-15 00:00:00+00
b0000001-0000-0000-0000-000000000052;a0000001-0000-0000-0000-000000000024;explanation;The two phases of a public tantrum;Giesbrecht et al. (2010) demonstrated empirically that tantrums are two sequential phases: an anger phase (screaming, flailing, throwing) driven by goal-blocking, followed by a distress phase (crying, comfort-seeking) when the anger subsides. Each phase needs a different parental response — non-engagement during the anger peak, warm reconnection during distress. Potegal et al. (2009) modeled toddler anger as a unimodal peak with natural decline: the anger will pass on its own, and waiting it out is mathematically grounded. Reasoning, threatening, or comforting during the anger peak does not work and typically extends it.;"[""transitions"",""fatigue"",""hunger"",""sensory overload"",""new environments""]";[];"[""parent stops reasoning during the anger peak"",""parent moves in to reconnect as soon as the distress phase begins""]";1.5;;2026-03-15 00:00:00+00
b0000001-0000-0000-0000-000000000053;a0000001-0000-0000-0000-000000000024;strategy;Non-engagement during anger peak (structured);During the anger phase, move the child to a less stimulating space if possible — away from crowds and sensory triggers. Stay calm and physically nearby but do not attempt to reason, bargain, or threaten. Any attempt to shorten the anger phase through verbal engagement typically extends it. Wakschlag et al. (2013) confirm preschool tantrum behavior peaks at age 2.5–3 and declines naturally — most public tantrums are time-limited neurological events, not behavioral crises.;"[""transitions"",""fatigue"",""sensory overload"",""new environments""]";"[""time_outs""]";"[""parent remains calm throughout"",""tantrum passes without escalation"",""public observation handled without shaming responses to child""]";1.5;;2026-03-15 00:00:00+00
b0000001-0000-0000-0000-000000000054;a0000001-0000-0000-0000-000000000024;strategy;Warm reconnection in the distress phase (gentle);When screaming gives way to crying and the child moves toward you — that is the distress phase beginning. Move in immediately with physical closeness and low-voiced calm words, no lecture. Gottman's emotion-coaching sequence begins here: acknowledge, label, empathize. Discussion of what happened should wait at least 20 minutes until full calm is restored — before that, the frontal cortex is not sufficiently re-engaged to process the conversation productively.;"[""transitions"",""fatigue"",""hunger""]";[];"[""child accepts comfort and de-escalates"",""parent transitions fluidly from physical holding to verbal connection"",""emotional repair complete before leaving the situation""]";1.5;;2026-03-15 00:00:00+00
b0000001-0000-0000-0000-000000000055;a0000001-0000-0000-0000-000000000024;script;Physical safety, minimal words (during anger peak);"""I'm right here. I'm going to keep you safe. I'm not leaving.""";"[""transitions"",""sensory overload"",""fatigue""]";[];"[""parent reduces verbal input during peak"",""safety cue conveyed without adding demand or stimulation""]";1.0;;2026-03-15 00:00:00+00
b0000001-0000-0000-0000-000000000056;a0000001-0000-0000-0000-000000000024;script;Reconnection after peak (gentle);"""That was really hard. I'm right here with you. Would you like a hug? I've got you.""";"[""transitions"",""fatigue""]";[];"[""child accepts comfort"",""distress phase shortens with immediate reconnection""]";1.0;;2026-03-15 00:00:00+00
b0000001-0000-0000-0000-000000000057;a0000001-0000-0000-0000-000000000024;script;Steady and warm throughout (balanced);"""I'm staying right here with you. When you're ready, I'm going to pick you up. We're going to be okay.""";"[""transitions"",""fatigue"",""sensory overload""]";[];"[""child hears calm steady presence"",""autonomic de-escalation is supported by parent's regulated tone""]";1.0;;2026-03-15 00:00:00+00
b0000001-0000-0000-0000-000000000058;a0000001-0000-0000-0000-000000000024;warning;Never use physical force or shame during a tantrum;"Spanking or physical force during a tantrum escalates sympathetic arousal rather than terminating it. Taylor et al. (2010) found that spanking a 3-year-old predicted increased aggression at age 5 after controlling for prior aggression and 14 other risk factors. Comments like ""you're embarrassing me"" or ""stop acting like a baby"" link the child's distress to social rejection — activating shame-language red lines — and worsen the behavior they are intended to stop.";"[""transitions"",""fatigue""]";"[""physical_punishment"",""shame_language""]";[];1.5;;2026-03-15 00:00:00+00
b0000001-0000-0000-0000-000000000059;a0000001-0000-0000-0000-000000000025;explanation;Why toddlers hit — a developmental explanation;"Physical aggression precedes language in development: before a child can say ""I want that back"" or ""stop that,"" hitting is the most available response to frustration, exclusion, or overwhelm. Carr and Durand (1985) established that most aggressive behavior in young children serves a communicative function — typically to obtain something, escape something, or gain attention. Alink et al. (2006) document the normative curve: hitting peaks at 24–36 months and declines naturally as language develops. The hit is the message; the intervention is to teach the message a different way.";"[""fatigue"",""hunger"",""sibling conflict"",""sensory overload"",""sharing toys""]";[];"[""parent reframes hitting as a language failure rather than a moral failure"",""parent looks for the need the hit was expressing""]";1.5;;2026-03-15 00:00:00+00
b0000001-0000-0000-0000-000000000060;a0000001-0000-0000-0000-000000000025;strategy;Name the feeling, immediately teach the words (gentle);"Immediately after a hit, describe what you observed and give the child the words they needed: ""You were angry that he took your truck. You can say: 'That's mine, give it back.'"" This is Functional Communication Training (Carr & Durand, 1985): replace the hit with an equivalent verbal request. Over repeated practice across weeks, the verbal request becomes habitual because it is more effective than hitting. Kalvin et al. (2024) confirm this approach is among the strongest available evidence-based components for reducing toddler aggression.";"[""sibling conflict"",""sharing toys"",""fatigue""]";[];"[""child attempts verbal request before hitting in subsequent incidents"",""hitting frequency declines over weeks"",""parent has a constructive response in the moment""]";1.5;;2026-03-15 00:00:00+00
b0000001-0000-0000-0000-000000000061;a0000001-0000-0000-0000-000000000025;strategy;Clear immediate consequence, applied calmly (structured);A pre-announced, immediately enforced consequence for hitting — removing the child from the play space — is the behavioral structure component supported by parent management training evidence (Kalvin et al., 2024). Critical elements: the rule is stated in advance, applied immediately, delivered calmly without lecture. The consequence teaches that hitting ends the desired activity — not through shame or physical pain, but through the loss of what was desired.;"[""sibling conflict"",""fatigue"",""sensory overload""]";"[""time_outs""]";"[""hitting frequency declines with consistent consequence over weeks"",""child begins to anticipate consequence before hitting""]";1.0;;2026-03-15 00:00:00+00
b0000001-0000-0000-0000-000000000062;a0000001-0000-0000-0000-000000000025;script;Catch the need, teach the words (gentle);"""I can see you were so angry. You wanted that back. Tell me: 'Give it back, please.' I'll help you say it. Hitting hurts — I won't let you hurt your friend.""";"[""sibling conflict"",""sharing toys""]";[];"[""child accepts the word-teaching in that moment"",""verbal attempts increase with repeated incidents over weeks""]";1.5;;2026-03-15 00:00:00+00
b0000001-0000-0000-0000-000000000063;a0000001-0000-0000-0000-000000000025;script;Acknowledge and intervene quickly (balanced);"""Ouch. No hitting. I can see you're frustrated. What do you need right now? Let me help you tell them.""";"[""sibling conflict"",""fatigue"",""sensory overload""]";[];"[""immediate de-escalation"",""child moves from physical to verbal with parent support""]";1.0;;2026-03-15 00:00:00+00
b0000001-0000-0000-0000-000000000064;a0000001-0000-0000-0000-000000000025;warning;Physical punishment for hitting is counterproductive;"Responding to hitting with a physical consequence teaches that hitting is the appropriate adult response to conflict — the exact opposite of the intended lesson. Taylor et al. (2010) found that spanking a 3-year-old specifically for aggression predicted greater aggression at age 5 after controlling for prior behavior and 14 other risk factors. Physical punishment does not extinguish hitting; it models it. This evidence is among the most robustly replicated in the field.";"[""fatigue"",""sibling conflict""]";"[""physical_punishment""]";[];1.5;;2026-03-15 00:00:00+00
b0000001-0000-0000-0000-000000000065;a0000001-0000-0000-0000-000000000025;warning;Don't assume hitting will resolve without intervention;While aggression follows a normative decline curve (Alink et al., 2006), the trajectory depends on whether children are actively taught alternative communication. Bongers et al. (2004), in a longitudinal study across ages 4–18, identified a persistent high-trajectory group (~10%) whose aggression did not follow the normative decline. Without teaching of verbal alternatives and consistent behavioral consequences, some children's hitting does not resolve on its own.;"[""sibling conflict"",""fatigue""]";[];[];1.0;;2026-03-15 00:00:00+00
b0000001-0000-0000-0000-000000000066;a0000001-0000-0000-0000-000000000026;explanation;Why screen removal is so hard;"Screens are engineered for sustained engagement: variable reward schedules, social interaction, and indefinitely advancing content each activate dopaminergic responses that make stopping genuinely difficult for brains still developing impulse control. Brauchli et al. (2024) document a bidirectional self-reinforcing cycle: increased screen time predicts negative emotional behavior the following day, and negative emotional states predict more screen-seeking. The child's protest at screen removal is not manipulative; it is physiological. Structural limits are more effective than willpower-based moment-to-moment negotiations.";"[""transitions"",""fatigue"",""schedule changes""]";[];"[""parent understands the neurological pull of screens"",""parent moves from reactive removal to pre-agreed structural limits""]";1.5;;2026-03-15 00:00:00+00
b0000001-0000-0000-0000-000000000067;a0000001-0000-0000-0000-000000000026;strategy;Pre-agreed time limits with a visible timer (structured);"Establish screen time agreements during calm family conversation, not during conflict. Use a visible timer — physical sand timer or transparent countdown — so the child participates in watching the limit approach rather than having it imposed suddenly. Moreno et al.'s (2024) AAP Family Media Plan recommends predictable, pre-agreed limits over case-by-case negotiation as the most conflict-reducing approach. The rule is stable; the daily battle disappears because the negotiation happened earlier.";"[""transitions"",""schedule changes""]";[];"[""screen removal transitions more smoothly"",""daily negotiation conflict reduces"",""child begins watching the timer themselves""]";1.5;;2026-03-15 00:00:00+00
b0000001-0000-0000-0000-000000000068;a0000001-0000-0000-0000-000000000026;strategy;5-minute transition warning before screen ends (balanced);"Five minutes before screen time ends, give a verbal warning and name what comes next: ""In 5 minutes we're turning off the TV. After that we're going to have a snack together."" This applies Brewer et al.'s (2014) advance-notice protocol to screen transition specifically, where dopaminergic engagement makes surprise-removal especially distressing. Naming the next activity also activates a forward goal to soften the loss of the current one.";"[""transitions"",""schedule changes""]";[];"[""child's protest at screen-off reduces with consistent application"",""transition to next activity is faster""]";1.5;;2026-03-15 00:00:00+00
b0000001-0000-0000-0000-000000000069;a0000001-0000-0000-0000-000000000026;script;The timer gives the instruction (structured);"""The timer says it's time. Screen time is over for today. I'm turning it off now.""";"[""transitions""]";[];"[""externalizing the rule to the timer reduces parent-child power struggle"",""child's protest is directed at 'the rule' not the parent""]";1.0;;2026-03-15 00:00:00+00
b0000001-0000-0000-0000-000000000070;a0000001-0000-0000-0000-000000000026;script;Acknowledge and hold the end (balanced);"""I know you really want to keep watching. AND it's over for tonight. We can talk about tomorrow's screen time after dinner.""";"[""transitions"",""fatigue""]";[];"[""child's protest acknowledged without extending screen time"",""conversation deferred to an appropriate moment""]";1.0;;2026-03-15 00:00:00+00
b0000001-0000-0000-0000-000000000071;a0000001-0000-0000-0000-000000000026;warning;Never use screens as a behavioral bribe;"Offering screen time as a reward for compliance (""if you eat dinner, you can have the tablet"") conditions screen access as the most desirable reinforcer available and makes every future screen-removal more fraught. Radesky et al. (2014) show this also displaces language-rich parent-child interaction. Current AAP guidance (Moreno et al., 2024) explicitly discourages using screens for behavior management on both the reinforcement-conditioning and the interaction-displacement grounds.";"[""transitions""]";"[""screen_bribery""]";[];1.5;;2026-03-15 00:00:00+00
b0000001-0000-0000-0000-000000000072;a0000001-0000-0000-0000-000000000027;explanation;Why separation distress is normal — and biological;The toddler's attachment system has one primary function: maintain proximity to the caregiver who provides biological regulation. Graf et al. (2022) demonstrate that the physically present attached caregiver actively suppresses the child's cortisol — absence is literally a physiological stressor, and a stranger cannot buffer this equivalently because social buffering is relationship-specific. Distress at separation before age 4 is the attachment system working as designed. The goal is not to eliminate the response but to build predictability and trust that departure reliably ends in return.;"[""new environments"",""schedule changes""]";[];"[""parent reframes separation anxiety as healthy attachment functioning not behavioral problem"",""parent focuses on predictability rather than eliminating the emotion""]";1.5;;2026-03-15 00:00:00+00
b0000001-0000-0000-0000-000000000073;a0000001-0000-0000-0000-000000000027;strategy;Consistent confident goodbye ritual (balanced);"Create a brief, predictable goodbye sequence — the same every day, every place — completed fully before leaving: warm, specific, 1–2 minutes maximum. Then leave. Do not sneak out (this destroys trust and increases hypervigilance) and do not extend indefinitely (this reinforces protest as effective). Predictability is the active ingredient: repetition builds the child's confidence that departure always ends in return. This principle is consistent across the attachment regulation literature (Pallini et al., 2018; White et al., 2020).";"[""new environments"",""schedule changes""]";[];"[""protest duration reduces over 2–3 weeks"",""child recovers faster after parent leaves"",""goodbyes do not escalate over time""]";1.5;;2026-03-15 00:00:00+00
b0000001-0000-0000-0000-000000000074;a0000001-0000-0000-0000-000000000027;strategy;Transition object as relational bridge (gentle);"For children 18–36 months, leave a tangible connection object — a photo, a small personal item, a cloth with the parent's scent — as a physical bridge between separation and reunion. This leverages developing object permanence: the physical object represents the relationship and supports the child's emerging ability to hold the absent caregiver in mind. Field (2012) establishes that relationships modulate physiological arousal as a primary function; the transition object extends this regulatory function into the separation period.";"[""new environments"",""schedule changes""]";[];"[""child uses the object during the transition period"",""protest at the door reduces over 1–2 weeks"",""caregiver can leave more promptly""]";1.0;;2026-03-15 00:00:00+00
b0000001-0000-0000-0000-000000000075;a0000001-0000-0000-0000-000000000027;script;Confident warm brief goodbye (balanced);"""I love you so much. I will be back after lunch — right after lunch. Here is your goodbye hug. See you soon!""";"[""new environments"",""schedule changes""]";[];"[""goodbye ritual is completed and parent leaves"",""ritual is predictable enough for child to begin anticipating it""]";1.0;;2026-03-15 00:00:00+00
b0000001-0000-0000-0000-000000000076;a0000001-0000-0000-0000-000000000027;script;Acknowledge and state the return promise (gentle);"""I know saying goodbye is really hard. I love you so much. I will always come back. Ms. Sarah is right here with you while I'm gone.""";"[""new environments""]";[];"[""child hears the return promise explicitly"",""protest reduces with consistent repetition of this exact language""]";1.0;;2026-03-15 00:00:00+00
b0000001-0000-0000-0000-000000000077;a0000001-0000-0000-0000-000000000027;warning;Never sneak out without saying goodbye;Sneaking out eliminates short-term protest at severe cost: the child learns that the parent can disappear at any moment without warning, making monitoring of the parent's location hypervigilant and anxiety-generating across all contexts. White et al. (2020) identify disorganized departure patterns as a disruption to the attachment behavioral system. A difficult goodbye is developmentally and relationally preferable to conditional trust. Complete the goodbye ritual even when — especially when — it feels too hard.;"[""new environments"",""schedule changes""]";[];[];1.5;;2026-03-15 00:00:00+00
b0000001-0000-0000-0000-000000000078;a0000001-0000-0000-0000-000000000028;explanation;Why siblings fight — and why it's developmental;Siblings provide the densest peer social laboratory at the highest developmental stakes: proximity is guaranteed, resources and parental attention genuinely compete, and power differentials shift constantly as children age. Jensen et al. (2014) trace prosocial competence through stages — emotion first, other-concern second, fairness norms third — placing full fairness reasoning reliably after age 5. Expecting preschoolers to share fairly and negotiate calmly without adult scaffolding asks for capacities that are not yet reliably available.;"[""sibling conflict"",""sharing toys"",""fatigue""]";[];"[""parent understands conflict as developmental rather than behavioral failure"",""parent reduces expectation of instant spontaneous resolution""]";1.5;;2026-03-15 00:00:00+00
b0000001-0000-0000-0000-000000000079;a0000001-0000-0000-0000-000000000028;strategy;Narrate the conflict, don't adjudicate it (balanced);"Instead of determining who was wrong, describe what you observe: ""Two people want the same toy. You're both frustrated right now."" Then prompt problem-solving: ""What could we do so both of you are okay?"" Children aged 4+ can participate meaningfully in generating solutions; the parent's role is to facilitate rather than pronounce judgment. This builds perspective-taking capacity rather than reinforcing escalating appeals to parental authority that Patterson (2002) identifies as the sustaining mechanism of sibling coercive cycles.";"[""sibling conflict"",""sharing toys""]";[];"[""both children engage in joint solution generation"",""escalation reduces when parent avoids adjudicating"",""children apply the question independently to minor conflicts over time""]";1.0;;2026-03-15 00:00:00+00
b0000001-0000-0000-0000-000000000080;a0000001-0000-0000-0000-000000000028;strategy;Daily 1:1 time with each child (gentle);Many sibling conflicts are amplified by competition for parental attention. A predictable 10–15 minute daily 1:1 with each child — where the child directs the activity — was identified by Duda et al. (2008) as a structural preventive element in their sibling PBS intervention. Secure individual parental attention reduces the urgency of attention-seeking through conflict. This is a low-cost structural change that works preventively rather than reactively.;"[""sibling conflict"",""fatigue""]";[];"[""sibling conflict frequency decreases within 2–4 weeks"",""each child feels individually attended to"",""attention-seeking escalation reduces""]";1.0;;2026-03-15 00:00:00+00
b0000001-0000-0000-0000-000000000081;a0000001-0000-0000-0000-000000000028;script;Pause, describe, invite solution (structured);"""Stop. I see two people who are both upset. Nobody's in trouble. Tell me what happened — one at a time.""";"[""sibling conflict"",""sharing toys""]";[];"[""escalation paused"",""both children feel heard"",""a problem-solving process can begin""]";1.0;;2026-03-15 00:00:00+00
b0000001-0000-0000-0000-000000000082;a0000001-0000-0000-0000-000000000028;script;Name the feelings, invite solution (balanced);"""You're both frustrated right now, and that makes sense. What's one thing each of you could do so this works? I'll help if you need me.""";"[""sibling conflict"",""sharing toys""]";[];"[""children move from escalation toward attempted problem-solving"",""parent stays available without taking over""]";1.0;;2026-03-15 00:00:00+00
b0000001-0000-0000-0000-000000000083;a0000001-0000-0000-0000-000000000028;warning;Avoid always resolving conflict for them;Consistently resolving sibling conflicts removes the developmental opportunity for children to practice negotiation and reduces their tolerance for the discomfort of disagreement. Conflicts that do not involve danger can be monitored rather than immediately resolved — scaffold the process rather than pronouncing a verdict. Every scaffolded conflict children navigate builds the skill for the next one. Consistent parental arbitration creates dependence and does not generalize to peer or later adult relationships.;"[""sibling conflict""]";[];[];1.0;;2026-03-15 00:00:00+00
b0000001-0000-0000-0000-000000000084;a0000001-0000-0000-0000-000000000029;explanation;Why toddlers don't share — developmentally grounded;Sharing is not a simple behavior: it is the most cognitively demanding prosocial skill, requiring genuine resource sacrifice without the built-in social reward that helping or comforting carries (Dunfield, 2014). Paulus (2014) showed experimentally that 3-year-olds treat rich and poor recipients identically because fairness reasoning — giving to those who need more — is not yet cognitively available. Asking a toddler to share spontaneously, willingly, and graciously is asking for a capacity that has not yet developed. Age-appropriate expectations: parallel play and supported turn-taking.;"[""sharing toys"",""sibling conflict""]";[];"[""parent reframes refusal to share as developmental capacity not selfishness"",""parent stops using shame-based sharing demands"",""parent introduces turn-taking instead""]";1.5;;2026-03-15 00:00:00+00
b0000001-0000-0000-0000-000000000085;a0000001-0000-0000-0000-000000000029;strategy;Turn-taking with a visible timer (balanced);"Instead of immediate sharing demands, introduce turn-taking with a visible timer: ""You have it for 3 minutes, then she has it for 3 minutes."" The timer is neutral authority. This grants the child agency over the exchange (they know exactly how long they have the item) and introduces the social norm at a developmentally achievable level. Over time, with repeated practice through ages 3–5, the turn-taking framework internalizes into discretionary sharing as fairness norms develop (Paulus, 2014).";"[""sharing toys"",""sibling conflict""]";[];"[""child accepts the timer trade-off"",""conflicts over objects reduce"",""discretionary sharing emerges spontaneously with age""]";1.5;;2026-03-15 00:00:00+00
b0000001-0000-0000-0000-000000000086;a0000001-0000-0000-0000-000000000029;strategy;Model and narrate generosity (gentle);"Young children acquire social norms through observation before they can generate them independently. Narrate your own sharing aloud: ""I have a lot of this, so I'm going to give some to you."" Notice and describe instances of sharing you see in others. Jensen et al. (2014) establish that the feelings-stage of prosocial development comes first — children need to see sharing modeled repeatedly as warm and positive before generating it independently.";"[""sharing toys""]";[];"[""child begins noticing and commenting on sharing in others"",""child initiates sharing attempts spontaneously over months""]";1.0;;2026-03-15 00:00:00+00
b0000001-0000-0000-0000-000000000087;a0000001-0000-0000-0000-000000000029;script;Set up the timer trade (balanced);"""You both want the same toy. Here's what we'll do: you have it for 3 minutes — I'm setting the timer — then it's her turn for 3 minutes. Ready? Watch the timer.""";"[""sharing toys"",""sibling conflict""]";[];"[""child accepts the structured turn"",""conflict de-escalates with a fair procedural solution"",""child watches the timer rather than the other child""]";1.5;;2026-03-15 00:00:00+00
b0000001-0000-0000-0000-000000000088;a0000001-0000-0000-0000-000000000029;script;Prompt perspective without forcing compliance (gentle);"""It looks like that toy is really special to you right now. You don't have to give it — and look, she's sad. What do you think she might want to play with?""";"[""sharing toys""]";[];"[""child practices perspective-taking without forced compliance"",""empathy is prompted rather than compliance demanded""]";1.0;;2026-03-15 00:00:00+00
b0000001-0000-0000-0000-000000000089;a0000001-0000-0000-0000-000000000029;warning;Never shame a child for not sharing;"Comments like ""you're being so selfish"" or ""look how sad you made her"" attach shame to a developmental constraint the child cannot override on demand. Hoeve et al. (2009) and Katz et al. (2012) demonstrate that shame-based parenting predicts both internalizing and externalizing outcomes. Model, scaffold, and create structured turn-taking opportunities; do not shame the absence of a capacity that has not yet reliably developed.";"[""sharing toys""]";"[""shame_language""]";[];1.5;;2026-03-15 00:00:00+00
b0000001-0000-0000-0000-000000000090;a0000001-0000-0000-0000-000000000030;explanation;Why toddlers and preschoolers refuse cleanup;Cleanup requires the child to interrupt a self-directed activity (play) and engage in an adult-directed one (tidying) — exactly the task-switching that taxes an immature prefrontal cortex most. Duda et al. (2008) found that challenging behaviors in young children cluster predominantly at routine transition boundaries. Making cleanup a predictable part of the daily routine, rather than an unpredictable adult interruption, is the primary evidence-based mechanism for reducing resistance.;"[""transitions"",""fatigue""]";[];"[""parent builds cleanup into the daily routine"",""resistance reduces as cleanup becomes an expected part of the sequence""]";1.0;;2026-03-15 00:00:00+00
b0000001-0000-0000-0000-000000000091;a0000001-0000-0000-0000-000000000030;strategy;Embed cleanup in the daily routine (structured);"Make cleanup a fixed event in the daily sequence — ""we always tidy before dinner, that's our routine"" — with a visual reminder at the child's eye level. Ren and Fan (2018) found that predictable routine structure independently predicts preschool self-regulation. When cleanup is a routine event rather than a parental command, the child's nervous system encounters it as the normal sequence rather than as a loss, and resistance is substantially reduced.";"[""transitions"",""schedule changes""]";[];"[""cleanup begins with fewer prompts over 2–3 weeks"",""child anticipates cleanup before being asked"",""routine creates predictability that reduces pre-cleanup escalation""]";1.5;;2026-03-15 00:00:00+00
b0000001-0000-0000-0000-000000000092;a0000001-0000-0000-0000-000000000030;strategy;Cleanup together as shared activity (gentle);"Invite rather than direct: ""Let's clean this up together."" For children under 4, the relational context matters more than the task itself — joining the cleanup alongside them maintains connection while completing the requirement. Narrate the process (""you found a home for that block — great"") to build intrinsic competence rather than only completing an external demand. This extends the co-regulation principle (Yogman et al., 2018) to a routine activity rather than only play.";"[""transitions"",""fatigue""]";[];"[""child participates when parent joins in"",""cleanup becomes social rather than punitive"",""the routine becomes less aversive over time""]";1.0;;2026-03-15 00:00:00+00
b0000001-0000-0000-0000-000000000093;a0000001-0000-0000-0000-000000000030;script;Invite with playfulness (gentle);"""Cleanup time! I'm going to put the blocks away — can you find where the trucks go? Let's see how fast we can do it together.""";"[""transitions""]";[];"[""child engages with gamified cleanup"",""resistance reduces when parent is present and energized""]";1.0;;2026-03-15 00:00:00+00
b0000001-0000-0000-0000-000000000094;a0000001-0000-0000-0000-000000000030;script;State the routine, offer a choice within it (structured);"""It's cleanup time before dinner — that's our routine. You can start with the Lego or the books. Which one first?""";"[""transitions"",""schedule changes""]";[];"[""child engages with choice rather than refusing the whole task"",""transition to dinner is smoother""]";1.0;;2026-03-15 00:00:00+00
b0000001-0000-0000-0000-000000000095;a0000001-0000-0000-0000-000000000030;warning;Avoid the open-ended 'go clean your room' command;"A single open-ended multi-step instruction (""clean up your room"") exceeds most toddlers' and preschoolers' working memory and executive function capacity. Break the task into single-step requests (""can you put the trucks in this box?"") that each conclude with visible completion and verbal acknowledgment. Small wins build the habit more effectively than one large demand that leads to shutdown and subsequent conflict.";"[""transitions"",""fatigue""]";[];[];1.0;;2026-03-15 00:00:00+00
b0000001-0000-0000-0000-000000000096;a0000001-0000-0000-0000-000000000031;explanation;Why some children really resist getting dressed;"For some toddlers and preschoolers, dressing resistance has a genuine sensory component: labels, seams, sock ridges, and fabric textures that adults barely notice register as uncomfortable input on an immature sensory processing system. Hongwanishkul et al. (2005) show that ""hot"" executive function — needed when a demanded behavior conflicts with something the child is already doing and enjoying — is the last to develop in preschoolers and most disrupted by emotional arousal. For others the resistance is primarily autonomy: the body is theirs and delegating control over its covering feels genuinely threatening.";"[""sensory overload"",""transitions"",""fatigue""]";[];"[""parent identifies whether resistance is sensory or autonomy-driven and adjusts strategy"",""parent stops treating all dressing resistance as defiance""]";1.0;;2026-03-15 00:00:00+00
b0000001-0000-0000-0000-000000000097;a0000001-0000-0000-0000-000000000031;strategy;Choose clothes together the night before (structured);Remove the morning dressing conflict by choosing clothes together the previous evening — two options you have pre-approved, the child picks. This grants autonomy at a low-stakes time, eliminates sensory surprise (the child has already touched and approved the fabric), and reduces decision fatigue for the morning. Joussemet et al. (2008) demonstrate that choice-provision within clear structures supports self-determination without removing parental authority.;"[""sensory overload"",""transitions"",""schedule changes""]";[];"[""morning dressing conflict reduces"",""child engages more readily having chosen the clothes"",""sensory meltdowns over specific items decrease""]";1.5;;2026-03-15 00:00:00+00
b0000001-0000-0000-0000-000000000098;a0000001-0000-0000-0000-000000000031;strategy;Offer two bounded choices, stay confident (balanced);"During a dressing standoff, offer a bounded choice rather than an open question: ""The shoes first or the socks?"" A bounded choice gives the child meaningful control within a frame that getting dressed is happening. Brewer et al. (2014) recommend this as a transition-support element: it redirects the child from refusal toward decision-making, engaging prefrontal goal-setting rather than reactive resistance.";"[""transitions""]";[];"[""child engages with the choice rather than flat refusal"",""dressing proceeds with reduced power struggle""]";1.0;;2026-03-15 00:00:00+00
b0000001-0000-0000-0000-000000000099;a0000001-0000-0000-0000-000000000031;script;Acknowledge the sensory discomfort (gentle);"""Those socks feel scratchy? That makes total sense. Let's find the ones that feel okay on your feet. You're the expert on what's right on your body.""";"[""sensory overload""]";[];"[""child feels heard on sensory experience"",""parent problem-solves the sensory issue rather than dismissing it"",""relationship stays warm during the sequence""]";1.0;;2026-03-15 00:00:00+00
b0000001-0000-0000-0000-000000000100;a0000001-0000-0000-0000-000000000031;script;State, then offer a choice (structured);"""It's time to get dressed. You can pick the blue shirt or the red one. Which one?""";"[""transitions""]";[];"[""child moves from refusal to decision-making"",""transition begins with reduced power struggle""]";1.0;;2026-03-15 00:00:00+00
b0000001-0000-0000-0000-000000000101;a0000001-0000-0000-0000-000000000031;script;Connect, then move toward it (balanced);"""I know you don't want to stop playing. I hear you. We still need to get dressed. Help me pick which shirt — quick — then back to playing as soon as we're done.""";"[""transitions"",""fatigue""]";[];"[""child feels heard before compliance is asked"",""transition completes sooner"",""child is less resentful about the interruption""]";1.0;;2026-03-15 00:00:00+00
b0000001-0000-0000-0000-000000000102;a0000001-0000-0000-0000-000000000031;warning;Don't escalate over specific clothing items;Escalating a clothing choice into a battle through threats, physical forcing, or shame can intensify sensory sensitivity and create a learned dressing aversion that persists through the school years. For children with strong sensory responses, proactively removing rough-labeled garments, seamed socks, and tight-neck items costs nothing and prevents recurring conflict. Joussemet et al. (2008) distinguish behavioral control (clear consistent expectations) from psychological control (shame) — the former supports compliance, the latter undermines it while damaging the relationship.;"[""sensory overload"",""transitions""]";"[""physical_punishment"",""shame_language""]";[];1.0;;2026-03-15 00:00:00+00
